"","object_id","global_id","transect_meter_mark","direction_to_group","distance_to_group","number_seedlings_in_group","number_vegetative_in_group","number_reproductive_in_group","site_name","dist_between_transects","event_date","recorded_by","transect_number","transect_orientation","parent_global_id","creation_date","creator","edit_date","editor","x","y","Transect Length"
"1","20","5be3cd87-0d08-4df4-b49c-e10b58a0a423",4.67,"-",-0.48,NA,NA,1,"3",10,1714586400000,NA,"1","NS","ee1ed4e0-46bf-4c9b-aad0-243863a5eb66","5/2/2024 2:00:59 AM","MichelleDPL","5/2/2024 2:00:59 AM","MichelleDPL",-0.48,4.67,40
"2","21","1266a1d4-9124-4cbe-9a7f-7587e4254c47",5.25,"+",0.92,NA,NA,1,"3",10,1714586400000,NA,"1","NS","ee1ed4e0-46bf-4c9b-aad0-243863a5eb66","5/2/2024 2:00:59 AM","MichelleDPL","5/2/2024 2:00:59 AM","MichelleDPL",0.92,5.25,40
"3","22","669ceaba-67d3-441b-979c-cae867248732",5.25,"+",0.76,NA,1,NA,"3",10,1714586400000,NA,"1","NS","ee1ed4e0-46bf-4c9b-aad0-243863a5eb66","5/2/2024 2:00:59 AM","MichelleDPL","5/2/2024 2:00:59 AM","MichelleDPL",0.76,5.25,40
"4","23","3c5b8340-ae8b-4f6c-b46a-e6c38fd04cf7",5.39,"+",0.5,NA,NA,1,"3",10,1714586400000,NA,"1","NS","ee1ed4e0-46bf-4c9b-aad0-243863a5eb66","5/2/2024 2:00:59 AM","MichelleDPL","5/2/2024 2:00:59 AM","MichelleDPL",0.5,5.39,40
"5","24","2877fcd0-0728-42f8-9029-db5884dd072e",6.34,"-",-0.72,NA,NA,1,"3",10,1714586400000,NA,"1","NS","ee1ed4e0-46bf-4c9b-aad0-243863a5eb66","5/2/2024 2:00:59 AM","MichelleDPL","5/2/2024 2:00:59 AM","MichelleDPL",-0.72,6.34,40
"6","25","cd269eab-61b0-4e43-af34-e151aed0dc3f",6.54,"-",-0.71,NA,NA,1,"3",10,1714586400000,NA,"1","NS","ee1ed4e0-46bf-4c9b-aad0-243863a5eb66","5/2/2024 2:00:59 AM","MichelleDPL","5/2/2024 2:00:59 AM","MichelleDPL",-0.71,6.54,40
"7","26","b756e6d2-7a44-47dd-a73c-708ded4219c6",8.1,"+",0.67,NA,1,NA,"3",10,1714586400000,NA,"1","NS","ee1ed4e0-46bf-4c9b-aad0-243863a5eb66","5/2/2024 2:00:59 AM","MichelleDPL","5/2/2024 2:00:59 AM","MichelleDPL",0.67,8.1,40
"8","27","9189e185-139c-45a5-b4d5-e02db6785304",15.2,"-",-1.62,NA,NA,1,"3",10,1714586400000,NA,"1","NS","ee1ed4e0-46bf-4c9b-aad0-243863a5eb66","5/2/2024 2:00:59 AM","MichelleDPL","5/2/2024 2:00:59 AM","MichelleDPL",-1.62,15.2,40
"9","30","75c21d53-28ae-481d-b7cf-f65fceba1016",22.1,"+",0.67,NA,NA,2,"3",10,1714586400000,NA,"1","NS","ee1ed4e0-46bf-4c9b-aad0-243863a5eb66","5/2/2024 2:00:59 AM","MichelleDPL","5/2/2024 2:00:59 AM","MichelleDPL",0.67,22.1,40
"10","31","48c17157-328e-4acd-8399-9177f4528e3e",22.57,"+",1.53,NA,NA,1,"3",10,1714586400000,NA,"1","NS","ee1ed4e0-46bf-4c9b-aad0-243863a5eb66","5/2/2024 2:00:59 AM","MichelleDPL","5/2/2024 2:00:59 AM","MichelleDPL",1.53,22.57,40
"11","32","f041ac6d-2b93-4eea-b62d-e124a5dcd77e",22.88,"+",0.71,NA,NA,1,"3",10,1714586400000,NA,"1","NS","ee1ed4e0-46bf-4c9b-aad0-243863a5eb66","5/2/2024 2:00:59 AM","MichelleDPL","5/2/2024 2:00:59 AM","MichelleDPL",0.71,22.88,40
"12","33","227e202d-1903-4c00-abc6-7331df2e3761",23.67,"+",0.9,NA,1,1,"3",10,1714586400000,NA,"1","NS","ee1ed4e0-46bf-4c9b-aad0-243863a5eb66","5/2/2024 2:00:59 AM","MichelleDPL","5/2/2024 2:00:59 AM","MichelleDPL",0.9,23.67,40
"13","34","a386b816-da85-449f-99ec-e0c51bc69a1f",24.47,"-",-0.21,NA,NA,1,"3",10,1714586400000,NA,"1","NS","ee1ed4e0-46bf-4c9b-aad0-243863a5eb66","5/2/2024 2:00:59 AM","MichelleDPL","5/2/2024 2:00:59 AM","MichelleDPL",-0.21,24.47,40
"14","35","9dfe195f-20b2-46d2-a2c7-ebf3aeaf076a",23.78,"-",-0.57,NA,NA,1,"3",10,1714586400000,NA,"1","NS","ee1ed4e0-46bf-4c9b-aad0-243863a5eb66","5/2/2024 2:00:59 AM","MichelleDPL","5/2/2024 2:00:59 AM","MichelleDPL",-0.57,23.78,40
"15","36","c33be162-62ce-493f-be68-8292fc293893",24.18,"-",-0.34,NA,NA,1,"3",10,1714586400000,NA,"1","NS","ee1ed4e0-46bf-4c9b-aad0-243863a5eb66","5/2/2024 2:00:59 AM","MichelleDPL","5/2/2024 2:00:59 AM","MichelleDPL",-0.34,24.18,40
"16","37","8e106b95-a81f-45d0-9d9f-dcc40729f7b1",24.65,"-",-2.22,NA,NA,1,"3",10,1714586400000,NA,"1","NS","ee1ed4e0-46bf-4c9b-aad0-243863a5eb66","5/2/2024 2:00:59 AM","MichelleDPL","5/2/2024 2:00:59 AM","MichelleDPL",-2.22,24.65,40
"17","38","2077b8e7-94de-45f3-9b69-533f9500cecf",25.52,"-",-0.31,NA,NA,1,"3",10,1714586400000,NA,"1","NS","ee1ed4e0-46bf-4c9b-aad0-243863a5eb66","5/2/2024 2:00:59 AM","MichelleDPL","5/2/2024 2:00:59 AM","MichelleDPL",-0.31,25.52,40
"18","39","2fcbc541-53f1-4d33-a9a3-6e58fee0bf68",25.5,"-",-2.16,NA,NA,2,"3",10,1714586400000,NA,"1","NS","ee1ed4e0-46bf-4c9b-aad0-243863a5eb66","5/2/2024 2:00:59 AM","MichelleDPL","5/2/2024 2:00:59 AM","MichelleDPL",-2.16,25.5,40
"19","40","533bc9eb-4b9c-41de-9300-f385ba6ec914",29.95,"+",1.2,NA,2,NA,"3",10,1714586400000,NA,"1","NS","ee1ed4e0-46bf-4c9b-aad0-243863a5eb66","5/2/2024 2:00:59 AM","MichelleDPL","5/2/2024 2:00:59 AM","MichelleDPL",1.2,29.95,40
"20","41","f4db0356-91b1-44d8-83f9-4353100e5d76",33.24,"+",0.41,NA,1,NA,"3",10,1714586400000,NA,"1","NS","ee1ed4e0-46bf-4c9b-aad0-243863a5eb66","5/2/2024 2:00:59 AM","MichelleDPL","5/2/2024 2:00:59 AM","MichelleDPL",0.41,33.24,40
"21","42","6022ed23-c97c-47b0-979f-42bcee1742e0",33.58,"+",0.34,NA,NA,1,"3",10,1714586400000,NA,"1","NS","ee1ed4e0-46bf-4c9b-aad0-243863a5eb66","5/2/2024 2:00:59 AM","MichelleDPL","5/2/2024 2:00:59 AM","MichelleDPL",0.34,33.58,40
"22","43","08f5a13f-69eb-4a45-a89f-1d029b47f29b",33.87,"+",0.37,NA,1,1,"3",10,1714586400000,NA,"1","NS","ee1ed4e0-46bf-4c9b-aad0-243863a5eb66","5/2/2024 2:00:59 AM","MichelleDPL","5/2/2024 2:00:59 AM","MichelleDPL",0.37,33.87,40
"23","44","b782d88d-674e-4fa1-b578-ed18b64f34a0",33.83,"+",0.62,NA,NA,1,"3",10,1714586400000,NA,"1","NS","ee1ed4e0-46bf-4c9b-aad0-243863a5eb66","5/2/2024 2:00:59 AM","MichelleDPL","5/2/2024 2:00:59 AM","MichelleDPL",0.62,33.83,40
"24","45","734bd6ac-3725-4f8e-99e5-376d37a71351",24.12,"+",0.62,NA,NA,1,"3",10,1714586400000,NA,"1","NS","ee1ed4e0-46bf-4c9b-aad0-243863a5eb66","5/2/2024 2:00:59 AM","MichelleDPL","5/2/2024 2:00:59 AM","MichelleDPL",0.62,24.12,40
"25","46","32113017-d90b-4c56-b3df-521ad0ee3b7e",34.27,"+",0.77,NA,NA,3,"3",10,1714586400000,NA,"1","NS","ee1ed4e0-46bf-4c9b-aad0-243863a5eb66","5/2/2024 2:00:59 AM","MichelleDPL","5/2/2024 2:00:59 AM","MichelleDPL",0.77,34.27,40
"26","47","43996378-555d-4e47-85cf-4703cf375ea6",34.1,"+",0.87,NA,1,1,"3",10,1714586400000,NA,"1","NS","ee1ed4e0-46bf-4c9b-aad0-243863a5eb66","5/2/2024 2:00:59 AM","MichelleDPL","5/2/2024 2:00:59 AM","MichelleDPL",0.87,34.1,40
"27","48","7d8b41cb-e787-46b1-bf72-c65a69689996",34.26,"+",1.09,NA,1,NA,"3",10,1714586400000,NA,"1","NS","ee1ed4e0-46bf-4c9b-aad0-243863a5eb66","5/2/2024 2:00:59 AM","MichelleDPL","5/2/2024 2:00:59 AM","MichelleDPL",1.09,34.26,40
"28","49","a8ff80e5-e2be-4d43-bb54-01d4d7a4652e",34.48,"-",-0.03,NA,1,NA,"3",10,1714586400000,NA,"1","NS","ee1ed4e0-46bf-4c9b-aad0-243863a5eb66","5/2/2024 2:00:59 AM","MichelleDPL","5/2/2024 2:00:59 AM","MichelleDPL",-0.03,34.48,40
"29","50","9b95d097-2408-49ca-bb0e-8e2a9a6e8ab7",-3.47,"+",0.86,NA,1,NA,"3",10,1714586400000,NA,"4","EW","f7e2ec6e-3487-4943-903c-d2caacc08a4e","5/2/2024 2:00:59 AM","MichelleDPL","5/2/2024 2:00:59 AM","MichelleDPL",-3.47,0.86,50
"30","51","c1be2e2d-6f73-4a80-b502-8f76bd6081a7",-6.15,"+",0.16,NA,NA,1,"3",10,1714586400000,NA,"4","EW","f7e2ec6e-3487-4943-903c-d2caacc08a4e","5/2/2024 2:00:59 AM","MichelleDPL","5/2/2024 2:00:59 AM","MichelleDPL",-6.15,0.16,50
"31","52","9c9760c2-f35b-4f3e-8f3e-66891d61d04d",-6.35,"-",-0.1,NA,NA,2,"3",10,1714586400000,NA,"4","EW","f7e2ec6e-3487-4943-903c-d2caacc08a4e","5/2/2024 2:00:59 AM","MichelleDPL","5/2/2024 2:00:59 AM","MichelleDPL",-6.35,-0.1,50
"32","53","7acca758-665f-4beb-81c9-50f26c2c4e30",-6.68,"-",-2.38,NA,1,NA,"3",10,1714586400000,NA,"4","EW","f7e2ec6e-3487-4943-903c-d2caacc08a4e","5/2/2024 2:00:59 AM","MichelleDPL","5/2/2024 2:00:59 AM","MichelleDPL",-6.68,-2.38,50
"33","54","ccd2a2a0-a243-4e01-a493-d98df1931d27",-10,"-",-1.87,NA,NA,1,"3",10,1714586400000,NA,"4","EW","f7e2ec6e-3487-4943-903c-d2caacc08a4e","5/2/2024 2:00:59 AM","MichelleDPL","5/2/2024 2:00:59 AM","MichelleDPL",-10,-1.87,50
"34","55","f235ab8e-9659-410e-a208-e488d60e4403",-10.1,"-",-0.48,NA,NA,1,"3",10,1714586400000,NA,"4","EW","f7e2ec6e-3487-4943-903c-d2caacc08a4e","5/2/2024 2:00:59 AM","MichelleDPL","5/2/2024 2:00:59 AM","MichelleDPL",-10.1,-0.48,50
"35","56","9595c654-5805-4f4e-9148-0761fbcd6ab3",-16.53,"+",0.27,NA,1,NA,"3",10,1714586400000,NA,"4","EW","f7e2ec6e-3487-4943-903c-d2caacc08a4e","5/2/2024 2:00:59 AM","MichelleDPL","5/2/2024 2:00:59 AM","MichelleDPL",-16.53,0.27,50
"36","57","dac1e838-1923-403c-a6dc-92842af426ca",-17.05,"+",0.14,NA,1,NA,"3",10,1714586400000,NA,"4","EW","f7e2ec6e-3487-4943-903c-d2caacc08a4e","5/2/2024 2:00:59 AM","MichelleDPL","5/2/2024 2:00:59 AM","MichelleDPL",-17.05,0.14,50
"37","58","c3c2aaaa-d700-4c09-a771-9b4708447bc3",-18.02,"+",0.18,NA,7,2,"3",10,1714586400000,NA,"4","EW","f7e2ec6e-3487-4943-903c-d2caacc08a4e","5/2/2024 2:00:59 AM","MichelleDPL","5/2/2024 2:00:59 AM","MichelleDPL",-18.02,0.18,50
"38","59","f2687f68-0624-4e42-8376-417ee7a6e349",-18.05,"-",-0.54,NA,1,NA,"3",10,1714586400000,NA,"4","EW","f7e2ec6e-3487-4943-903c-d2caacc08a4e","5/2/2024 2:00:59 AM","MichelleDPL","5/2/2024 2:00:59 AM","MichelleDPL",-18.05,-0.54,50
"39","60","8357abea-d444-496d-ad60-7a63cebad493",-18.2,"-",-0.19,NA,1,NA,"3",10,1714586400000,NA,"4","EW","f7e2ec6e-3487-4943-903c-d2caacc08a4e","5/2/2024 2:00:59 AM","MichelleDPL","5/2/2024 2:00:59 AM","MichelleDPL",-18.2,-0.19,50
"40","61","0eff2255-2ac5-4def-bab0-5f7878a23f2c",-18.25,"-",-0.54,NA,1,NA,"3",10,1714586400000,NA,"4","EW","f7e2ec6e-3487-4943-903c-d2caacc08a4e","5/2/2024 2:00:59 AM","MichelleDPL","5/2/2024 2:00:59 AM","MichelleDPL",-18.25,-0.54,50
"41","62","61710345-c919-49ad-a7a3-b5baddd3c8c2",-18.56,"-",-0.31,NA,NA,1,"3",10,1714586400000,NA,"4","EW","f7e2ec6e-3487-4943-903c-d2caacc08a4e","5/2/2024 2:00:59 AM","MichelleDPL","5/2/2024 2:00:59 AM","MichelleDPL",-18.56,-0.31,50
"42","63","31354154-bdf6-4ee3-b127-a7ebc54f9fcc",-20.66,"+",0.51,NA,1,NA,"3",10,1714586400000,NA,"4","EW","f7e2ec6e-3487-4943-903c-d2caacc08a4e","5/2/2024 2:00:59 AM","MichelleDPL","5/2/2024 2:00:59 AM","MichelleDPL",-20.66,0.51,50
"43","64","88178d2b-2e23-437c-8968-eff0f8c6812b",-27.42,"+",0.37,NA,NA,1,"3",10,1714586400000,NA,"4","EW","f7e2ec6e-3487-4943-903c-d2caacc08a4e","5/2/2024 2:00:59 AM","MichelleDPL","5/2/2024 2:00:59 AM","MichelleDPL",-27.42,0.37,50
"44","65","6188d972-098a-47ba-be5c-dc941730547a",-28.6,"-",-0.48,NA,NA,1,"3",10,1714586400000,NA,"4","EW","f7e2ec6e-3487-4943-903c-d2caacc08a4e","5/2/2024 2:00:59 AM","MichelleDPL","5/2/2024 2:00:59 AM","MichelleDPL",-28.6,-0.48,50
"45","66","41191c38-1f3c-4a7c-8969-dc7f7a5b8cbc",-29.78,"+",0.64,NA,NA,1,"3",10,1714586400000,NA,"4","EW","f7e2ec6e-3487-4943-903c-d2caacc08a4e","5/2/2024 2:00:59 AM","MichelleDPL","5/2/2024 2:00:59 AM","MichelleDPL",-29.78,0.64,50
"46","67","d76a76ca-34bc-4d74-945f-7a2f085eafb4",-30.1,"-",-1.98,NA,NA,1,"3",10,1714586400000,NA,"4","EW","f7e2ec6e-3487-4943-903c-d2caacc08a4e","5/2/2024 2:00:59 AM","MichelleDPL","5/2/2024 2:00:59 AM","MichelleDPL",-30.1,-1.98,50
"47","68","f3b617b6-00ec-4f10-8782-87188ec63e2f",-30.3,"+",1.74,NA,NA,1,"3",10,1714586400000,NA,"4","EW","f7e2ec6e-3487-4943-903c-d2caacc08a4e","5/2/2024 2:00:59 AM","MichelleDPL","5/2/2024 2:00:59 AM","MichelleDPL",-30.3,1.74,50
"48","69","8804427e-f027-4426-a81f-35c101d507fd",-31.2,"-",-2.28,NA,1,NA,"3",10,1714586400000,NA,"4","EW","f7e2ec6e-3487-4943-903c-d2caacc08a4e","5/2/2024 2:00:59 AM","MichelleDPL","5/2/2024 2:00:59 AM","MichelleDPL",-31.2,-2.28,50
"49","70","b9b4b406-5d52-4c4f-8c80-d282ef13d959",-32.23,"+",0.4,NA,2,1,"3",10,1714586400000,NA,"4","EW","f7e2ec6e-3487-4943-903c-d2caacc08a4e","5/2/2024 2:00:59 AM","MichelleDPL","5/2/2024 2:00:59 AM","MichelleDPL",-32.23,0.4,50
"50","71","7ade94a9-5bb1-4d97-866d-a94a8a429625",-33.2,NA,0.52,NA,NA,1,"3",10,1714586400000,NA,"4","EW","f7e2ec6e-3487-4943-903c-d2caacc08a4e","5/2/2024 2:00:59 AM","MichelleDPL","5/2/2024 2:00:59 AM","MichelleDPL",-33.2,0.52,50
"51","72","3c1ca9c4-b1c2-4619-a10c-93c9230d377e",-33.24,"-",-1.42,NA,NA,1,"3",10,1714586400000,NA,"4","EW","f7e2ec6e-3487-4943-903c-d2caacc08a4e","5/2/2024 2:00:59 AM","MichelleDPL","5/2/2024 2:00:59 AM","MichelleDPL",-33.24,-1.42,50
"52","73","d33223ec-ff6b-4806-8f98-b621885df6fd",-34.14,"-",-0.94,NA,NA,1,"3",10,1714586400000,NA,"4","EW","f7e2ec6e-3487-4943-903c-d2caacc08a4e","5/2/2024 2:00:59 AM","MichelleDPL","5/2/2024 2:00:59 AM","MichelleDPL",-34.14,-0.94,50
"53","74","a3ab0dbf-15d8-4aff-b5de-e1b6c53c5382",-34.46,"-",-0.86,NA,NA,1,"3",10,1714586400000,NA,"4","EW","f7e2ec6e-3487-4943-903c-d2caacc08a4e","5/2/2024 2:00:59 AM","MichelleDPL","5/2/2024 2:00:59 AM","MichelleDPL",-34.46,-0.86,50
"54","75","d6eb7f10-a641-4a82-b998-bdb2c8b9ef4d",-34.9,"-",-0.26,NA,1,NA,"3",10,1714586400000,NA,"4","EW","f7e2ec6e-3487-4943-903c-d2caacc08a4e","5/2/2024 2:00:59 AM","MichelleDPL","5/2/2024 2:00:59 AM","MichelleDPL",-34.9,-0.26,50
"55","76","6cbbbbe7-ab20-45b1-9653-609ef561bee6",-35.83,"+",0.4,NA,NA,1,"3",10,1714586400000,NA,"4","EW","f7e2ec6e-3487-4943-903c-d2caacc08a4e","5/2/2024 2:00:59 AM","MichelleDPL","5/2/2024 2:00:59 AM","MichelleDPL",-35.83,0.4,50
"56","77","8200fc04-6984-45d4-bcfa-a89814f64708",-37.02,"-",-0.12,NA,1,NA,"3",10,1714586400000,NA,"4","EW","f7e2ec6e-3487-4943-903c-d2caacc08a4e","5/2/2024 2:00:59 AM","MichelleDPL","5/2/2024 2:00:59 AM","MichelleDPL",-37.02,-0.12,50
"57","78","349b8a6f-8d0b-41e5-bc10-de9b112db1bd",-31.17,"+",0.09,NA,1,NA,"3",10,1714586400000,NA,"4","EW","f7e2ec6e-3487-4943-903c-d2caacc08a4e","5/2/2024 2:00:59 AM","MichelleDPL","5/2/2024 2:00:59 AM","MichelleDPL",-31.17,0.09,50
"58","79","ae15e892-fc88-4eb6-a16a-b2c96a78d08f",-31.12,"+",0.26,NA,NA,2,"3",10,1714586400000,NA,"4","EW","f7e2ec6e-3487-4943-903c-d2caacc08a4e","5/2/2024 2:00:59 AM","MichelleDPL","5/2/2024 2:00:59 AM","MichelleDPL",-31.12,0.26,50
"59","80","0e8bb903-9667-4b96-ac43-1b1a0d695add",-37.93,"-",-0.05,NA,1,NA,"3",10,1714586400000,NA,"4","EW","f7e2ec6e-3487-4943-903c-d2caacc08a4e","5/2/2024 2:00:59 AM","MichelleDPL","5/2/2024 2:00:59 AM","MichelleDPL",-37.93,-0.05,50
"60","81","82d2fdaf-d267-488c-93ae-2986a65523b7",-38.2,"-",-1.72,NA,NA,1,"3",10,1714586400000,NA,"4","EW","f7e2ec6e-3487-4943-903c-d2caacc08a4e","5/2/2024 2:00:59 AM","MichelleDPL","5/2/2024 2:00:59 AM","MichelleDPL",-38.2,-1.72,50
"61","82","13bde390-f347-4b94-8f8f-fb4efe664362",-38.55,"+",0.44,NA,4,NA,"3",10,1714586400000,NA,"4","EW","f7e2ec6e-3487-4943-903c-d2caacc08a4e","5/2/2024 2:00:59 AM","MichelleDPL","5/2/2024 2:00:59 AM","MichelleDPL",-38.55,0.44,50
"62","83","2d8caf65-697a-4691-a4f7-fafff161cc32",-42.43,"-",-0.12,NA,NA,1,"3",10,1714586400000,NA,"4","EW","f7e2ec6e-3487-4943-903c-d2caacc08a4e","5/2/2024 2:00:59 AM","MichelleDPL","5/2/2024 2:00:59 AM","MichelleDPL",-42.43,-0.12,50
"63","84","81a140ad-26df-4a0b-ba7e-cd2c8bdeedd1",-42.65,"-",-0.41,NA,1,NA,"3",10,1714586400000,NA,"4","EW","f7e2ec6e-3487-4943-903c-d2caacc08a4e","5/2/2024 2:00:59 AM","MichelleDPL","5/2/2024 2:00:59 AM","MichelleDPL",-42.65,-0.41,50
"64","85","e73e396c-e9cd-4832-b23e-2e63c7faa452",-42.31,"+",0.2,NA,4,5,"3",10,1714586400000,NA,"4","EW","f7e2ec6e-3487-4943-903c-d2caacc08a4e","5/2/2024 2:00:59 AM","MichelleDPL","5/2/2024 2:00:59 AM","MichelleDPL",-42.31,0.2,50
"65","86","f2cc0a68-ef3d-4b7a-af3d-493d6744cd37",-42.85,"-",-1.83,NA,NA,1,"3",10,1714586400000,NA,"4","EW","f7e2ec6e-3487-4943-903c-d2caacc08a4e","5/2/2024 2:00:59 AM","MichelleDPL","5/2/2024 2:00:59 AM","MichelleDPL",-42.85,-1.83,50
"66","87","416a8736-5309-4e03-ae05-7b668bb84d2b",-43.2,"-",-0.6,NA,NA,2,"3",10,1714586400000,NA,"4","EW","f7e2ec6e-3487-4943-903c-d2caacc08a4e","5/2/2024 2:00:59 AM","MichelleDPL","5/2/2024 2:00:59 AM","MichelleDPL",-43.2,-0.6,50
"67","88","5c349c5a-3304-40f5-ba95-8a021d9b845f",-43.82,"-",-0.2,NA,NA,2,"3",10,1714586400000,NA,"4","EW","f7e2ec6e-3487-4943-903c-d2caacc08a4e","5/2/2024 2:00:59 AM","MichelleDPL","5/2/2024 2:00:59 AM","MichelleDPL",-43.82,-0.2,50
"68","89","932f798b-76d6-4a7e-aad0-d25f689f2570",-43.75,"+",0.85,NA,NA,1,"3",10,1714586400000,NA,"4","EW","f7e2ec6e-3487-4943-903c-d2caacc08a4e","5/2/2024 2:00:59 AM","MichelleDPL","5/2/2024 2:00:59 AM","MichelleDPL",-43.75,0.85,50
"69","90","68e48d5b-ed3e-4d7d-a0bb-f709ad82f00b",-44.22,"+",0.12,NA,4,1,"3",10,1714586400000,NA,"4","EW","f7e2ec6e-3487-4943-903c-d2caacc08a4e","5/2/2024 2:00:59 AM","MichelleDPL","5/2/2024 2:00:59 AM","MichelleDPL",-44.22,0.12,50
"70","91","4045f3fc-505c-466a-a9ed-179e9a2405e9",-44.1,"+",0.34,NA,1,NA,"3",10,1714586400000,NA,"4","EW","f7e2ec6e-3487-4943-903c-d2caacc08a4e","5/2/2024 2:00:59 AM","MichelleDPL","5/2/2024 2:00:59 AM","MichelleDPL",-44.1,0.34,50
"71","92","cf1d2848-bbe1-47d6-84be-11782185af92",-44.5,"+",0.04,NA,1,NA,"3",10,1714586400000,NA,"4","EW","f7e2ec6e-3487-4943-903c-d2caacc08a4e","5/2/2024 2:00:59 AM","MichelleDPL","5/2/2024 2:00:59 AM","MichelleDPL",-44.5,0.04,50
"72","93","5172602b-fafb-4de0-958e-4f6ad39e7af4",-44.7,"-",-0.31,NA,1,2,"3",10,1714586400000,NA,"4","EW","f7e2ec6e-3487-4943-903c-d2caacc08a4e","5/2/2024 2:00:59 AM","MichelleDPL","5/2/2024 2:00:59 AM","MichelleDPL",-44.7,-0.31,50
"73","94","9538ca08-2c15-4f15-9494-3252167bcc7e",-44.65,"-",-0.52,NA,NA,1,"3",10,1714586400000,NA,"4","EW","f7e2ec6e-3487-4943-903c-d2caacc08a4e","5/2/2024 2:00:59 AM","MichelleDPL","5/2/2024 2:00:59 AM","MichelleDPL",-44.65,-0.52,50
"74","95","611f176b-045f-4c97-bfaf-b5df3f18adad",-44.1,"-",-2.48,NA,NA,1,"3",10,1714586400000,NA,"4","EW","f7e2ec6e-3487-4943-903c-d2caacc08a4e","5/2/2024 2:00:59 AM","MichelleDPL","5/2/2024 2:00:59 AM","MichelleDPL",-44.1,-2.48,50
"75","96","9130421c-85c2-453d-9bcc-a5a72484600e",-45.5,"-",-1.42,NA,NA,1,"3",10,1714586400000,NA,"4","EW","f7e2ec6e-3487-4943-903c-d2caacc08a4e","5/2/2024 2:00:59 AM","MichelleDPL","5/2/2024 2:00:59 AM","MichelleDPL",-45.5,-1.42,50
"76","97","580ddd8f-46d1-441b-811e-15aaad633e90",-47.96,NA,0.6,NA,1,NA,"3",10,1714586400000,NA,"4","EW","f7e2ec6e-3487-4943-903c-d2caacc08a4e","5/2/2024 2:00:59 AM","MichelleDPL","5/2/2024 2:00:59 AM","MichelleDPL",-47.96,0.6,50
"77","98","f8a81de9-64ba-4f42-8a4b-3cb7a0a6fb34",-48.15,"+",1.6,NA,NA,1,"3",10,1714586400000,NA,"4","EW","f7e2ec6e-3487-4943-903c-d2caacc08a4e","5/2/2024 2:00:59 AM","MichelleDPL","5/2/2024 2:00:59 AM","MichelleDPL",-48.15,1.6,50
"78","99","154ab432-d651-48d1-a619-af66cfe7685b",-22.02,"-",-2.17,NA,1,1,"1",10,1714586400000,NA,"1","EW","72d8a244-bd42-4b83-b946-7f9e19d9f3c7","5/2/2024 2:01:00 AM","MichelleDPL","5/2/2024 2:01:00 AM","MichelleDPL",-22.02,-2.17,NA
"79","100","10bcb683-439b-469c-9d6c-ec4ef2ef4baf",-21.1,"-",-1.3,NA,1,NA,"1",10,1714586400000,NA,"1","EW","72d8a244-bd42-4b83-b946-7f9e19d9f3c7","5/2/2024 2:01:00 AM","MichelleDPL","5/2/2024 2:01:00 AM","MichelleDPL",-21.1,-1.3,NA
"80","101","e9f3c973-7a73-4837-a093-0d65735e71ed",-21.04,"-",-0.28,NA,NA,1,"1",10,1714586400000,NA,"1","EW","72d8a244-bd42-4b83-b946-7f9e19d9f3c7","5/2/2024 2:01:00 AM","MichelleDPL","5/2/2024 2:01:00 AM","MichelleDPL",-21.04,-0.28,NA
"81","102","09697dc4-593d-4060-ad5c-0e94ba8cc0c0",-20.45,"-",-0.45,NA,NA,1,"1",10,1714586400000,NA,"1","EW","72d8a244-bd42-4b83-b946-7f9e19d9f3c7","5/2/2024 2:01:00 AM","MichelleDPL","5/2/2024 2:01:00 AM","MichelleDPL",-20.45,-0.45,NA
"82","103","6c180c6f-7c72-4b88-a3db-c6ab50148e27",4.1,"-",-0.4,0,1,1,"3",10,1714586400000,NA,"3","NS","862e99e6-6056-46ce-aeb7-9f166db91a6d","5/2/2024 2:01:03 AM","MichelleDPL","5/2/2024 2:01:03 AM","MichelleDPL",-0.4,4.1,50
"83","104","330c1a2b-bd1c-46dd-9480-b26632480172",12,"+",0.38,0,1,0,"3",10,1714586400000,NA,"3","NS","862e99e6-6056-46ce-aeb7-9f166db91a6d","5/2/2024 2:01:03 AM","MichelleDPL","5/2/2024 2:01:03 AM","MichelleDPL",0.38,12,50
"84","105","593d9cec-fa03-4881-ba53-cb4531786208",12,"+",0.6,0,1,0,"3",10,1714586400000,NA,"3","NS","862e99e6-6056-46ce-aeb7-9f166db91a6d","5/2/2024 2:01:03 AM","MichelleDPL","5/2/2024 2:01:03 AM","MichelleDPL",0.6,12,50
"85","106","aa73a22c-a8b0-4d5f-8799-6fc1c21ec6bb",16,"+",0.82,NA,1,1,"3",10,1714586400000,NA,"3","NS","862e99e6-6056-46ce-aeb7-9f166db91a6d","5/2/2024 2:01:03 AM","MichelleDPL","5/2/2024 2:01:03 AM","MichelleDPL",0.82,16,50
"86","107","297d4b98-6d1c-4be4-aca2-ff47e3385327",16.65,"+",0.33,0,0,1,"3",10,1714586400000,NA,"3","NS","862e99e6-6056-46ce-aeb7-9f166db91a6d","5/2/2024 2:01:03 AM","MichelleDPL","5/2/2024 2:01:03 AM","MichelleDPL",0.33,16.65,50
"87","108","d0704b71-3354-4a90-8a92-11151e8daf12",17.07,"+",0.68,NA,1,NA,"3",10,1714586400000,NA,"3","NS","862e99e6-6056-46ce-aeb7-9f166db91a6d","5/2/2024 2:01:03 AM","MichelleDPL","5/2/2024 2:01:03 AM","MichelleDPL",0.68,17.07,50
"88","109","d57c3e42-f8a4-4b12-9704-712bc66d97bf",19.1,"-",-1.07,NA,NA,1,"3",10,1714586400000,NA,"3","NS","862e99e6-6056-46ce-aeb7-9f166db91a6d","5/2/2024 2:01:03 AM","MichelleDPL","5/2/2024 2:01:03 AM","MichelleDPL",-1.07,19.1,50
"89","110","1af6fb52-1d37-49d4-832b-23fdd2f039a6",19.75,"+",0.35,NA,NA,1,"3",10,1714586400000,NA,"3","NS","862e99e6-6056-46ce-aeb7-9f166db91a6d","5/2/2024 2:01:03 AM","MichelleDPL","5/2/2024 2:01:03 AM","MichelleDPL",0.35,19.75,50
"90","111","7706c72b-76b7-44b1-9def-5c043e4afa37",22.7,"+",2.04,NA,1,NA,"3",10,1714586400000,NA,"3","NS","862e99e6-6056-46ce-aeb7-9f166db91a6d","5/2/2024 2:01:03 AM","MichelleDPL","5/2/2024 2:01:03 AM","MichelleDPL",2.04,22.7,50
"91","112","31c27309-b185-47f7-a9d5-6d93601e83b7",52.4,"+",1.9,NA,NA,1,"3",10,1714586400000,NA,"3","NS","862e99e6-6056-46ce-aeb7-9f166db91a6d","5/2/2024 2:01:03 AM","MichelleDPL","5/2/2024 2:01:03 AM","MichelleDPL",1.9,52.4,50
"92","113","9d5a48d5-04bf-426a-9bac-555e80567376",26.49,"+",0.23,NA,NA,1,"3",10,1714586400000,NA,"3","NS","862e99e6-6056-46ce-aeb7-9f166db91a6d","5/2/2024 2:01:03 AM","MichelleDPL","5/2/2024 2:01:03 AM","MichelleDPL",0.23,26.49,50
"93","114","41d8cfb2-a019-4822-b70b-3ea9edb22919",25.75,"-",-2.5,NA,NA,1,"3",10,1714586400000,NA,"3","NS","862e99e6-6056-46ce-aeb7-9f166db91a6d","5/2/2024 2:01:03 AM","MichelleDPL","5/2/2024 2:01:03 AM","MichelleDPL",-2.5,25.75,50
"94","115","f7e2419e-084e-4028-b8fe-9ae0275f54f4",41.85,"+",0.34,NA,3,NA,"3",10,1714586400000,NA,"3","NS","862e99e6-6056-46ce-aeb7-9f166db91a6d","5/2/2024 2:01:03 AM","MichelleDPL","5/2/2024 2:01:03 AM","MichelleDPL",0.34,41.85,50
"95","116","72aee68f-9b3c-4886-99f6-d9c34ce5b7ec",44.3,"-",-0.055,NA,1,1,"3",10,1714586400000,NA,"3","NS","862e99e6-6056-46ce-aeb7-9f166db91a6d","5/2/2024 2:01:03 AM","MichelleDPL","5/2/2024 2:01:03 AM","MichelleDPL",-0.055,44.3,50
"96","117","aecdaab3-c6c2-463e-9fbd-b9e22f864fe7",44.71,"-",-0.02,NA,NA,1,"3",10,1714586400000,NA,"3","NS","862e99e6-6056-46ce-aeb7-9f166db91a6d","5/2/2024 2:01:03 AM","MichelleDPL","5/2/2024 2:01:03 AM","MichelleDPL",-0.02,44.71,50
"97","118","5c10b010-77bf-41fe-91b1-991013a9f7fd",47.82,"+",1.65,NA,NA,1,"3",10,1714586400000,NA,"3","NS","862e99e6-6056-46ce-aeb7-9f166db91a6d","5/2/2024 2:01:03 AM","MichelleDPL","5/2/2024 2:01:03 AM","MichelleDPL",1.65,47.82,50
"98","120","f53fadda-567d-42d5-a44c-c6928e02c70f",-0.5,"+",0.31,NA,NA,1,"3",10,1714586400000,NA,"3","EW","7e045b7d-b67c-442b-8cd9-e7811c60e29d","5/2/2024 2:01:04 AM","MichelleDPL","5/2/2024 2:01:04 AM","MichelleDPL",-0.5,0.31,60
"99","121","fb0ed7b5-da40-4fb8-82b1-978b89f04c30",-0.8,"+",0.385,NA,1,1,"3",10,1714586400000,NA,"3","EW","7e045b7d-b67c-442b-8cd9-e7811c60e29d","5/2/2024 2:01:04 AM","MichelleDPL","5/2/2024 2:01:04 AM","MichelleDPL",-0.8,0.385,60
"100","122","9dd08b07-a3be-4836-84c1-fe926e8f33fc",-1,"-",-0.05,NA,1,1,"3",10,1714586400000,NA,"3","EW","7e045b7d-b67c-442b-8cd9-e7811c60e29d","5/2/2024 2:01:04 AM","MichelleDPL","5/2/2024 2:01:04 AM","MichelleDPL",-1,-0.05,60
"101","123","6e3e72f9-79ab-4942-bea6-6300461657d3",-1.05,"-",-0.42,NA,1,NA,"3",10,1714586400000,NA,"3","EW","7e045b7d-b67c-442b-8cd9-e7811c60e29d","5/2/2024 2:01:04 AM","MichelleDPL","5/2/2024 2:01:04 AM","MichelleDPL",-1.05,-0.42,60
"102","124","29564b0f-e84d-4a8c-8b20-b82dfb526d9b",-1.15,"-",-0.135,NA,NA,2,"3",10,1714586400000,NA,"3","EW","7e045b7d-b67c-442b-8cd9-e7811c60e29d","5/2/2024 2:01:04 AM","MichelleDPL","5/2/2024 2:01:04 AM","MichelleDPL",-1.15,-0.135,60
"103","125","3714378c-f9ec-46db-b742-b214b543cfe2",-1.15,"+",0.2,NA,2,NA,"3",10,1714586400000,NA,"3","EW","7e045b7d-b67c-442b-8cd9-e7811c60e29d","5/2/2024 2:01:04 AM","MichelleDPL","5/2/2024 2:01:04 AM","MichelleDPL",-1.15,0.2,60
"104","126","0c6bdb3b-ba95-404e-ab99-194be7db6788",-2.55,"+",0.25,NA,1,NA,"3",10,1714586400000,NA,"3","EW","7e045b7d-b67c-442b-8cd9-e7811c60e29d","5/2/2024 2:01:04 AM","MichelleDPL","5/2/2024 2:01:04 AM","MichelleDPL",-2.55,0.25,60
"105","127","626043d0-0e0f-42f8-8978-12801bfe92e4",-2.95,"+",0.58,NA,1,NA,"3",10,1714586400000,NA,"3","EW","7e045b7d-b67c-442b-8cd9-e7811c60e29d","5/2/2024 2:01:04 AM","MichelleDPL","5/2/2024 2:01:04 AM","MichelleDPL",-2.95,0.58,60
"106","128","0a8ae7f5-8fac-4436-a8e0-6183065ec0b8",-2.7,"+",1.16,NA,1,NA,"3",10,1714586400000,NA,"3","EW","7e045b7d-b67c-442b-8cd9-e7811c60e29d","5/2/2024 2:01:04 AM","MichelleDPL","5/2/2024 2:01:04 AM","MichelleDPL",-2.7,1.16,60
"107","129","5465cb8f-cfe2-458a-9012-8a405bf543d6",-3.55,"-",-2.02,NA,1,8,"3",10,1714586400000,NA,"3","EW","7e045b7d-b67c-442b-8cd9-e7811c60e29d","5/2/2024 2:01:04 AM","MichelleDPL","5/2/2024 2:01:04 AM","MichelleDPL",-3.55,-2.02,60
"108","130","10c164d7-c984-4dce-b5ec-8c85b1bbd82e",-4.6,"-",-1.04,NA,1,NA,"3",10,1714586400000,NA,"3","EW","7e045b7d-b67c-442b-8cd9-e7811c60e29d","5/2/2024 2:01:04 AM","MichelleDPL","5/2/2024 2:01:04 AM","MichelleDPL",-4.6,-1.04,60
"109","131","7129cc4d-48c9-4541-b5fb-cea2076ca0e9",-5.05,"-",-0.54,NA,1,NA,"3",10,1714586400000,NA,"3","EW","7e045b7d-b67c-442b-8cd9-e7811c60e29d","5/2/2024 2:01:04 AM","MichelleDPL","5/2/2024 2:01:04 AM","MichelleDPL",-5.05,-0.54,60
"110","132","ef687cfa-972a-47a1-9bab-1e64415607c5",-6.6,"+",0.73,NA,2,NA,"3",10,1714586400000,NA,"3","EW","7e045b7d-b67c-442b-8cd9-e7811c60e29d","5/2/2024 2:01:04 AM","MichelleDPL","5/2/2024 2:01:04 AM","MichelleDPL",-6.6,0.73,60
"111","133","781997bf-693e-48b5-bcef-67a371931152",-7.1,"+",0.05,NA,NA,1,"3",10,1714586400000,NA,"3","EW","7e045b7d-b67c-442b-8cd9-e7811c60e29d","5/2/2024 2:01:04 AM","MichelleDPL","5/2/2024 2:01:04 AM","MichelleDPL",-7.1,0.05,60
"112","134","456edad6-2d66-483b-99ae-051316ac6624",-7.35,"-",-0.375,NA,NA,1,"3",10,1714586400000,NA,"3","EW","7e045b7d-b67c-442b-8cd9-e7811c60e29d","5/2/2024 2:01:04 AM","MichelleDPL","5/2/2024 2:01:04 AM","MichelleDPL",-7.35,-0.375,60
"113","135","db435fcc-8c99-41eb-8069-209d8c5f0f02",-7.05,"-",-1.41,NA,1,NA,"3",10,1714586400000,NA,"3","EW","7e045b7d-b67c-442b-8cd9-e7811c60e29d","5/2/2024 2:01:04 AM","MichelleDPL","5/2/2024 2:01:04 AM","MichelleDPL",-7.05,-1.41,60
"114","136","ea0d94bb-5b0b-461d-b354-509b26e03467",-8.1,"+",0.91,NA,1,1,"3",10,1714586400000,NA,"3","EW","7e045b7d-b67c-442b-8cd9-e7811c60e29d","5/2/2024 2:01:04 AM","MichelleDPL","5/2/2024 2:01:04 AM","MichelleDPL",-8.1,0.91,60
"115","137","f076db13-6791-4078-a273-3ab241b100e6",-8.35,"+",0.29,NA,1,NA,"3",10,1714586400000,NA,"3","EW","7e045b7d-b67c-442b-8cd9-e7811c60e29d","5/2/2024 2:01:04 AM","MichelleDPL","5/2/2024 2:01:04 AM","MichelleDPL",-8.35,0.29,60
"116","138","c707e480-6b1e-4215-b553-43599f870884",-8.55,"+",0.3,NA,1,NA,"3",10,1714586400000,NA,"3","EW","7e045b7d-b67c-442b-8cd9-e7811c60e29d","5/2/2024 2:01:04 AM","MichelleDPL","5/2/2024 2:01:04 AM","MichelleDPL",-8.55,0.3,60
"117","139","4549737b-fe89-469b-9587-233a81ac08ff",-9.15,"+",0.97,NA,1,NA,"3",10,1714586400000,NA,"3","EW","7e045b7d-b67c-442b-8cd9-e7811c60e29d","5/2/2024 2:01:04 AM","MichelleDPL","5/2/2024 2:01:04 AM","MichelleDPL",-9.15,0.97,60
"118","140","2618aeda-9794-4bed-b607-00294511adc3",-9.85,"+",1.82,NA,2,NA,"3",10,1714586400000,NA,"3","EW","7e045b7d-b67c-442b-8cd9-e7811c60e29d","5/2/2024 2:01:04 AM","MichelleDPL","5/2/2024 2:01:04 AM","MichelleDPL",-9.85,1.82,60
"119","141","71998917-b9e0-4064-9d11-725d8cc5614d",-9.63,"-",-0.04,NA,4,NA,"3",10,1714586400000,NA,"3","EW","7e045b7d-b67c-442b-8cd9-e7811c60e29d","5/2/2024 2:01:04 AM","MichelleDPL","5/2/2024 2:01:04 AM","MichelleDPL",-9.63,-0.04,60
"120","142","671e96f0-7fe0-4502-83fd-504469f5ba7e",-10.55,"+",0.36,NA,1,NA,"3",10,1714586400000,NA,"3","EW","7e045b7d-b67c-442b-8cd9-e7811c60e29d","5/2/2024 2:01:04 AM","MichelleDPL","5/2/2024 2:01:04 AM","MichelleDPL",-10.55,0.36,60
"121","143","581e351f-b0be-45ab-91a0-3f452301d826",-11.3,"-",-1.32,1,3,1,"3",10,1714586400000,NA,"3","EW","7e045b7d-b67c-442b-8cd9-e7811c60e29d","5/2/2024 2:01:04 AM","MichelleDPL","5/2/2024 2:01:04 AM","MichelleDPL",-11.3,-1.32,60
"122","144","00b70b90-1d58-48c4-8d93-1d474d74cd8c",-11,"-",-0.81,NA,2,1,"3",10,1714586400000,NA,"3","EW","7e045b7d-b67c-442b-8cd9-e7811c60e29d","5/2/2024 2:01:04 AM","MichelleDPL","5/2/2024 2:01:04 AM","MichelleDPL",-11,-0.81,60
"123","145","761a000d-e4e5-4399-bb64-7b42a6aff0ad",-12.05,"+",1.85,NA,NA,1,"3",10,1714586400000,NA,"3","EW","7e045b7d-b67c-442b-8cd9-e7811c60e29d","5/2/2024 2:01:04 AM","MichelleDPL","5/2/2024 2:01:04 AM","MichelleDPL",-12.05,1.85,60
"124","146","6cacce89-a4c5-48ce-8410-3891899dfc5f",-12.22,"+",1.94,NA,1,NA,"3",10,1714586400000,NA,"3","EW","7e045b7d-b67c-442b-8cd9-e7811c60e29d","5/2/2024 2:01:04 AM","MichelleDPL","5/2/2024 2:01:04 AM","MichelleDPL",-12.22,1.94,60
"125","147","cd136efd-13d1-4c4c-9793-6d30681f7500",-13.8,"+",1.66,NA,NA,1,"3",10,1714586400000,NA,"3","EW","7e045b7d-b67c-442b-8cd9-e7811c60e29d","5/2/2024 2:01:04 AM","MichelleDPL","5/2/2024 2:01:04 AM","MichelleDPL",-13.8,1.66,60
"126","148","cb6ad7f4-ee6e-4246-9678-b37b49cb48e3",-13.25,"-",-0.63,NA,NA,1,"3",10,1714586400000,NA,"3","EW","7e045b7d-b67c-442b-8cd9-e7811c60e29d","5/2/2024 2:01:04 AM","MichelleDPL","5/2/2024 2:01:04 AM","MichelleDPL",-13.25,-0.63,60
"127","149","4feba763-98b5-4f48-8354-46f50ac91979",-13.15,"-",-1.42,NA,NA,1,"3",10,1714586400000,NA,"3","EW","7e045b7d-b67c-442b-8cd9-e7811c60e29d","5/2/2024 2:01:04 AM","MichelleDPL","5/2/2024 2:01:04 AM","MichelleDPL",-13.15,-1.42,60
"128","150","911b0507-b345-4def-a513-29e2afca0e77",-13.9,"+",0.1,NA,NA,1,"3",10,1714586400000,NA,"3","EW","7e045b7d-b67c-442b-8cd9-e7811c60e29d","5/2/2024 2:01:04 AM","MichelleDPL","5/2/2024 2:01:04 AM","MichelleDPL",-13.9,0.1,60
"129","151","2650ec28-4198-485d-9609-06278a507054",-14.6,"-",-1.32,NA,NA,1,"3",10,1714586400000,NA,"3","EW","7e045b7d-b67c-442b-8cd9-e7811c60e29d","5/2/2024 2:01:04 AM","MichelleDPL","5/2/2024 2:01:04 AM","MichelleDPL",-14.6,-1.32,60
"130","152","2fbe8b8a-926c-44ff-8752-72c0bd86c95e",-16.05,"-",-2.14,NA,1,2,"3",10,1714586400000,NA,"3","EW","7e045b7d-b67c-442b-8cd9-e7811c60e29d","5/2/2024 2:01:04 AM","MichelleDPL","5/2/2024 2:01:04 AM","MichelleDPL",-16.05,-2.14,60
"131","153","1c8d355f-6c17-4fd3-a3e4-7562dc49625c",-17.3,"+",0.73,NA,NA,1,"3",10,1714586400000,NA,"3","EW","7e045b7d-b67c-442b-8cd9-e7811c60e29d","5/2/2024 2:01:04 AM","MichelleDPL","5/2/2024 2:01:04 AM","MichelleDPL",-17.3,0.73,60
"132","154","55e4d4d4-727d-4aba-a9f0-3132e781624a",-19.05,"-",-1.54,NA,1,NA,"3",10,1714586400000,NA,"3","EW","7e045b7d-b67c-442b-8cd9-e7811c60e29d","5/2/2024 2:01:04 AM","MichelleDPL","5/2/2024 2:01:04 AM","MichelleDPL",-19.05,-1.54,60
"133","155","5de2f8db-e908-48be-aca7-17bb3e4bc29e",-22.25,"-",-1.79,NA,NA,1,"3",10,1714586400000,NA,"3","EW","7e045b7d-b67c-442b-8cd9-e7811c60e29d","5/2/2024 2:01:04 AM","MichelleDPL","5/2/2024 2:01:04 AM","MichelleDPL",-22.25,-1.79,60
"134","156","d17e2ee8-c51a-4b21-8a65-e5ed0a010840",-25.4,"-",-2,NA,NA,1,"3",10,1714586400000,NA,"3","EW","7e045b7d-b67c-442b-8cd9-e7811c60e29d","5/2/2024 2:01:04 AM","MichelleDPL","5/2/2024 2:01:04 AM","MichelleDPL",-25.4,-2,60
"135","157","e2f78963-8aca-4bf6-b8b5-58658effe70a",-28.05,"+",0.21,NA,NA,1,"3",10,1714586400000,NA,"3","EW","7e045b7d-b67c-442b-8cd9-e7811c60e29d","5/2/2024 2:01:04 AM","MichelleDPL","5/2/2024 2:01:04 AM","MichelleDPL",-28.05,0.21,60
"136","158","aa1af571-b53c-4d91-93c9-c7ec5c687ebb",-30.45,"+",1.85,NA,NA,1,"3",10,1714586400000,NA,"3","EW","7e045b7d-b67c-442b-8cd9-e7811c60e29d","5/2/2024 2:01:04 AM","MichelleDPL","5/2/2024 2:01:04 AM","MichelleDPL",-30.45,1.85,60
"137","159","0576f67e-1288-412c-a821-2bf180301356",-34.2,"+",1.42,NA,NA,1,"3",10,1714586400000,NA,"3","EW","7e045b7d-b67c-442b-8cd9-e7811c60e29d","5/2/2024 2:01:04 AM","MichelleDPL","5/2/2024 2:01:04 AM","MichelleDPL",-34.2,1.42,60
"138","160","6e3ad287-8e5c-4b0b-aff5-dc12385f42b3",-38.95,"+",1.67,NA,NA,1,"3",10,1714586400000,NA,"3","EW","7e045b7d-b67c-442b-8cd9-e7811c60e29d","5/2/2024 2:01:04 AM","MichelleDPL","5/2/2024 2:01:04 AM","MichelleDPL",-38.95,1.67,60
"139","161","2d3a3457-30d6-4517-908e-4651adb2dc0e",-39.35,"-",-1.48,NA,NA,1,"3",10,1714586400000,NA,"3","EW","7e045b7d-b67c-442b-8cd9-e7811c60e29d","5/2/2024 2:01:04 AM","MichelleDPL","5/2/2024 2:01:04 AM","MichelleDPL",-39.35,-1.48,60
"140","162","792cf83a-9a1c-466a-b1b1-282cb9fee099",-52.45,"+",1.37,NA,NA,1,"3",10,1714586400000,NA,"3","EW","7e045b7d-b67c-442b-8cd9-e7811c60e29d","5/2/2024 2:01:04 AM","MichelleDPL","5/2/2024 2:01:04 AM","MichelleDPL",-52.45,1.37,60
"141","164","d9a812af-0517-43d0-920a-b0dd25e1aec4",-9.15,"-",-0.98,NA,3,NA,"3",10,1714586400000,NA,"2","EW","d4afe552-8906-41bb-aa10-f61871b99a0b","5/2/2024 2:01:05 AM","MichelleDPL","5/2/2024 2:01:05 AM","MichelleDPL",-9.15,-0.98,23
"142","165","2052dad8-aaae-4a2b-8e93-e8f76ac39200",-13.55,"-",-2.63,NA,NA,1,"3",10,1714586400000,NA,"2","EW","d4afe552-8906-41bb-aa10-f61871b99a0b","5/2/2024 2:01:05 AM","MichelleDPL","5/2/2024 2:01:05 AM","MichelleDPL",-13.55,-2.63,23
"143","166","e92fbad9-1c73-4fb4-8633-a5cd6cb06724",-13.75,"-",-2.9,NA,NA,1,"3",10,1714586400000,NA,"2","EW","d4afe552-8906-41bb-aa10-f61871b99a0b","5/2/2024 2:01:05 AM","MichelleDPL","5/2/2024 2:01:05 AM","MichelleDPL",-13.75,-2.9,23
"144","167","8c0bb13a-c8d7-44ad-872d-45bb7b7662b7",-14.4,"-",-1.97,NA,1,3,"3",10,1714586400000,NA,"2","EW","d4afe552-8906-41bb-aa10-f61871b99a0b","5/2/2024 2:01:05 AM","MichelleDPL","5/2/2024 2:01:05 AM","MichelleDPL",-14.4,-1.97,23
"145","168","2da40841-7b4c-4f07-8c80-6769e86bd48d",-15.7,"-",-1.03,NA,NA,1,"3",10,1714586400000,NA,"2","EW","d4afe552-8906-41bb-aa10-f61871b99a0b","5/2/2024 2:01:05 AM","MichelleDPL","5/2/2024 2:01:05 AM","MichelleDPL",-15.7,-1.03,23
"146","169","ac55e31c-003d-4de9-ba74-2a706547caac",-17.35,"-",-1.89,NA,NA,1,"3",10,1714586400000,NA,"2","EW","d4afe552-8906-41bb-aa10-f61871b99a0b","5/2/2024 2:01:05 AM","MichelleDPL","5/2/2024 2:01:05 AM","MichelleDPL",-17.35,-1.89,23
"147","170","d7d37d50-4c26-4862-8071-546b07e8b132",-20.75,"-",-0.65,NA,1,NA,"3",10,1714586400000,NA,"2","EW","d4afe552-8906-41bb-aa10-f61871b99a0b","5/2/2024 2:01:05 AM","MichelleDPL","5/2/2024 2:01:05 AM","MichelleDPL",-20.75,-0.65,23
"148","172","071d5c23-a929-4048-ad29-f7608eaf857c",2,"+",0.73,0,2,3,"3",NA,1714586400000,NA,"2","NS","d180306f-a8de-4528-b3e6-c040fcbbeb93","5/2/2024 2:02:18 AM","MichelleDPL","5/2/2024 2:02:18 AM","MichelleDPL",0.73,2,NA
"149","173","d555af43-799b-43f3-8f02-c5222adda279",3.6,"+",1.73,0,1,1,"3",NA,1714586400000,NA,"2","NS","d180306f-a8de-4528-b3e6-c040fcbbeb93","5/2/2024 2:02:18 AM","MichelleDPL","5/2/2024 2:02:18 AM","MichelleDPL",1.73,3.6,NA
"150","174","cc4b618b-4c29-4610-8291-7790a44111b9",3.2,"+",1.42,0,1,2,"3",NA,1714586400000,NA,"2","NS","d180306f-a8de-4528-b3e6-c040fcbbeb93","5/2/2024 2:02:18 AM","MichelleDPL","5/2/2024 2:02:18 AM","MichelleDPL",1.42,3.2,NA
"151","175","5f85ba17-c58d-482d-88bc-053fb1f5b5be",3.55,"-",-3.33,0,1,2,"3",NA,1714586400000,NA,"2","NS","d180306f-a8de-4528-b3e6-c040fcbbeb93","5/2/2024 2:02:18 AM","MichelleDPL","5/2/2024 2:02:18 AM","MichelleDPL",-3.33,3.55,NA
"152","176","985f1696-bdf2-4160-ac20-3967fb7a42cc",3.65,"+",0.13,0,0,1,"3",NA,1714586400000,NA,"2","NS","d180306f-a8de-4528-b3e6-c040fcbbeb93","5/2/2024 2:02:18 AM","MichelleDPL","5/2/2024 2:02:18 AM","MichelleDPL",0.13,3.65,NA
"153","177","2e47b164-15ad-488a-940f-ce4c0554feb5",3.92,"-",-0.16,0,0,1,"3",NA,1714586400000,NA,"2","NS","d180306f-a8de-4528-b3e6-c040fcbbeb93","5/2/2024 2:02:18 AM","MichelleDPL","5/2/2024 2:02:18 AM","MichelleDPL",-0.16,3.92,NA
"154","178","b281b656-b00c-4ac1-9c26-ab292fcf71ae",3.72,"-",-0.98,0,0,0,"3",NA,1714586400000,NA,"2","NS","d180306f-a8de-4528-b3e6-c040fcbbeb93","5/2/2024 2:02:18 AM","MichelleDPL","5/2/2024 2:02:18 AM","MichelleDPL",-0.98,3.72,NA
"155","179","a4542deb-43d3-4cdb-a9c5-e33daf32ab6f",4.7,"-",-0.13,0,0,1,"3",NA,1714586400000,NA,"2","NS","d180306f-a8de-4528-b3e6-c040fcbbeb93","5/2/2024 2:02:18 AM","MichelleDPL","5/2/2024 2:02:18 AM","MichelleDPL",-0.13,4.7,NA
"156","180","1f9cbca3-acd6-4da4-ac83-df40560ac94b",4.9,"-",-2.37,0,0,1,"3",NA,1714586400000,NA,"2","NS","d180306f-a8de-4528-b3e6-c040fcbbeb93","5/2/2024 2:02:18 AM","MichelleDPL","5/2/2024 2:02:18 AM","MichelleDPL",-2.37,4.9,NA
"157","181","594649fe-3fe7-4aea-9f50-14b20c59b923",5.75,"-",-1.48,0,0,1,"3",NA,1714586400000,NA,"2","NS","d180306f-a8de-4528-b3e6-c040fcbbeb93","5/2/2024 2:02:18 AM","MichelleDPL","5/2/2024 2:02:18 AM","MichelleDPL",-1.48,5.75,NA
"158","182","876d7f57-432a-4c8b-a8a9-47f5dfbbde1a",6,"-",-1,0,5,2,"3",NA,1714586400000,NA,"2","NS","d180306f-a8de-4528-b3e6-c040fcbbeb93","5/2/2024 2:02:18 AM","MichelleDPL","5/2/2024 2:02:18 AM","MichelleDPL",-1,6,NA
"159","183","56b84840-902c-4a63-b971-d13aefead40c",6.75,"+",2.16,0,0,1,"3",NA,1714586400000,NA,"2","NS","d180306f-a8de-4528-b3e6-c040fcbbeb93","5/2/2024 2:02:18 AM","MichelleDPL","5/2/2024 2:02:18 AM","MichelleDPL",2.16,6.75,NA
"160","184","fc7e3fd3-330b-480e-a13f-f94b2d8b9034",8.2,"-",-1.24,1,0,1,"3",NA,1714586400000,NA,"2","NS","d180306f-a8de-4528-b3e6-c040fcbbeb93","5/2/2024 2:02:18 AM","MichelleDPL","5/2/2024 2:02:18 AM","MichelleDPL",-1.24,8.2,NA
"161","185","2f04a89f-6ed3-413c-ae94-aa2b4691f1c3",8.33,"-",-1.38,0,0,0,"3",NA,1714586400000,NA,"2","NS","d180306f-a8de-4528-b3e6-c040fcbbeb93","5/2/2024 2:02:18 AM","MichelleDPL","5/2/2024 2:02:18 AM","MichelleDPL",-1.38,8.33,NA
"162","186","935ff25f-23e2-4af9-bbbc-cd688acbc6fc",14.65,"-",-0.65,3,0,1,"3",NA,1714586400000,NA,"2","NS","d180306f-a8de-4528-b3e6-c040fcbbeb93","5/2/2024 2:02:18 AM","MichelleDPL","5/2/2024 2:02:18 AM","MichelleDPL",-0.65,14.65,NA
"163","187","64fced5e-9f40-4105-8b9e-e9eba14f3a9a",15,"-",-0.65,0,1,0,"3",NA,1714586400000,NA,"2","NS","d180306f-a8de-4528-b3e6-c040fcbbeb93","5/2/2024 2:02:18 AM","MichelleDPL","5/2/2024 2:02:18 AM","MichelleDPL",-0.65,15,NA
"164","188","f1d36bd2-9367-439b-8e9f-dec9f1e44342",15.05,"+",0.97,0,0,1,"3",NA,1714586400000,NA,"2","NS","65a4f5ff-ca1e-43de-b36a-ef7d9dc87f07","5/2/2024 2:02:18 AM","MichelleDPL","5/2/2024 2:02:18 AM","MichelleDPL",0.97,15.05,66
"165","189","ded523b3-1761-485e-9082-25f4ae1784b8",15.4,"+",1.1,0,0,1,"3",NA,1714586400000,NA,"2","NS","65a4f5ff-ca1e-43de-b36a-ef7d9dc87f07","5/2/2024 2:02:18 AM","MichelleDPL","5/2/2024 2:02:18 AM","MichelleDPL",1.1,15.4,66
"166","190","eaea4b4c-7173-401f-a5e2-bcc1aa2ca792",16.72,"-",-0.34,0,0,1,"3",NA,1714586400000,NA,"2","NS","65a4f5ff-ca1e-43de-b36a-ef7d9dc87f07","5/2/2024 2:02:18 AM","MichelleDPL","5/2/2024 2:02:18 AM","MichelleDPL",-0.34,16.72,66
"167","192","9478415c-605b-48a7-86fc-2a6032e08ce1",17.12,"-",-1.28,0,0,1,"3",NA,1714586400000,NA,"2","NS","65a4f5ff-ca1e-43de-b36a-ef7d9dc87f07","5/2/2024 2:02:18 AM","MichelleDPL","5/2/2024 2:02:18 AM","MichelleDPL",-1.28,17.12,66
"168","193","77ba6ec2-b567-421b-8c35-16348139f90b",17.75,"-",-1.96,0,1,0,"3",NA,1714586400000,NA,"2","NS","65a4f5ff-ca1e-43de-b36a-ef7d9dc87f07","5/2/2024 2:02:18 AM","MichelleDPL","5/2/2024 2:02:18 AM","MichelleDPL",-1.96,17.75,66
"169","194","3de4c1de-f5fe-48ab-b602-531d0c3c4426",24.75,"-",-2.22,0,0,3,"3",NA,1714586400000,NA,"2","NS","65a4f5ff-ca1e-43de-b36a-ef7d9dc87f07","5/2/2024 2:02:18 AM","MichelleDPL","5/2/2024 2:02:18 AM","MichelleDPL",-2.22,24.75,66
"170","195","66d3d691-5023-43a0-8994-7b51e8312ca5",25,"-",-2.31,0,0,1,"3",NA,1714586400000,NA,"2","NS","65a4f5ff-ca1e-43de-b36a-ef7d9dc87f07","5/2/2024 2:02:18 AM","MichelleDPL","5/2/2024 2:02:18 AM","MichelleDPL",-2.31,25,66
"171","196","715bafd1-f472-4226-a3ba-c094ba15593c",26.1,"-",-1.69,0,1,0,"3",NA,1714586400000,NA,"2","NS","65a4f5ff-ca1e-43de-b36a-ef7d9dc87f07","5/2/2024 2:02:18 AM","MichelleDPL","5/2/2024 2:02:18 AM","MichelleDPL",-1.69,26.1,66
"172","197","e1e60f8a-5538-411b-acec-17e06191c39d",26.58,"-",-1.14,0,0,1,"3",NA,1714586400000,NA,"2","NS","65a4f5ff-ca1e-43de-b36a-ef7d9dc87f07","5/2/2024 2:02:18 AM","MichelleDPL","5/2/2024 2:02:18 AM","MichelleDPL",-1.14,26.58,66
"173","198","faa351c2-22cd-4762-abd5-4bfcddeae14c",27.15,"+",0.88,0,0,1,"3",NA,1714586400000,NA,"2","NS","65a4f5ff-ca1e-43de-b36a-ef7d9dc87f07","5/2/2024 2:02:18 AM","MichelleDPL","5/2/2024 2:02:18 AM","MichelleDPL",0.88,27.15,66
"174","199","43658167-7ca5-44e1-b61a-782d3c72e199",27.3,"-",-1.62,0,9,1,"3",NA,1714586400000,NA,"2","NS","65a4f5ff-ca1e-43de-b36a-ef7d9dc87f07","5/2/2024 2:02:18 AM","MichelleDPL","5/2/2024 2:02:18 AM","MichelleDPL",-1.62,27.3,66
"175","200","7cbf0028-a10a-4b86-9233-5b38ea2fb2fa",29.08,"-",-0.23,0,0,1,"3",NA,1714586400000,NA,"2","NS","65a4f5ff-ca1e-43de-b36a-ef7d9dc87f07","5/2/2024 2:02:18 AM","MichelleDPL","5/2/2024 2:02:18 AM","MichelleDPL",-0.23,29.08,66
"176","201","12a72831-a9c0-4fe7-972b-4af3917c3995",33.77,"-",-1.21,0,0,1,"3",NA,1714586400000,NA,"2","NS","65a4f5ff-ca1e-43de-b36a-ef7d9dc87f07","5/2/2024 2:02:18 AM","MichelleDPL","5/2/2024 2:02:18 AM","MichelleDPL",-1.21,33.77,66
"177","202","8f4b7d4a-dc25-4105-a0c7-09f6234c05b1",38.05,"-",-0.06,0,0,1,"3",NA,1714586400000,NA,"2","NS","65a4f5ff-ca1e-43de-b36a-ef7d9dc87f07","5/2/2024 2:02:18 AM","MichelleDPL","5/2/2024 2:02:18 AM","MichelleDPL",-0.06,38.05,66
"178","203","1b4245e1-e0e2-430e-adcf-46afab19ce3f",43.57,"-",-1.29,0,1,0,"3",NA,1714586400000,NA,"2","NS","65a4f5ff-ca1e-43de-b36a-ef7d9dc87f07","5/2/2024 2:02:18 AM","MichelleDPL","5/2/2024 2:02:18 AM","MichelleDPL",-1.29,43.57,66
"179","204","6e05e9e4-e40e-4e71-bba4-8d87db73c10b",49.83,"-",-0.66,0,0,1,"3",NA,1714586400000,NA,"2","NS","65a4f5ff-ca1e-43de-b36a-ef7d9dc87f07","5/2/2024 2:02:18 AM","MichelleDPL","5/2/2024 2:02:18 AM","MichelleDPL",-0.66,49.83,66
"180","205","69d07181-bc29-40d5-b751-d340f22d54bd",49.93,"-",-2.98,0,0,1,"3",NA,1714586400000,NA,"2","NS","65a4f5ff-ca1e-43de-b36a-ef7d9dc87f07","5/2/2024 2:02:18 AM","MichelleDPL","5/2/2024 2:02:18 AM","MichelleDPL",-2.98,49.93,66
"181","206","b7566ce1-b045-464d-9ca5-faef54cc1aec",62.13,"-",-0.77,0,0,1,"3",NA,1714586400000,NA,"2","NS","65a4f5ff-ca1e-43de-b36a-ef7d9dc87f07","5/2/2024 2:02:18 AM","MichelleDPL","5/2/2024 2:02:18 AM","MichelleDPL",-0.77,62.13,66
"182","207","fd157854-e1a8-46fe-8e10-953a2d3c2161",63.55,"-",-2.48,0,0,1,"3",NA,1714586400000,NA,"2","NS","65a4f5ff-ca1e-43de-b36a-ef7d9dc87f07","5/2/2024 2:02:18 AM","MichelleDPL","5/2/2024 2:02:18 AM","MichelleDPL",-2.48,63.55,66
"183","209","b0111991-db0a-4878-a533-409d9d3d006f",-4.35,"-",-0.88,0,1,0,"3",10,1714586400000,NA,"1","EW","5abc3618-44f3-4de1-9b18-2ef56b2b1fb2","5/2/2024 2:02:19 AM","MichelleDPL","5/2/2024 2:02:19 AM","MichelleDPL",-4.35,-0.88,NA
"184","210","2ccf139c-2acc-481d-905b-1ab4db688801",-5.75,"-",-1.56,1,0,1,"3",10,1714586400000,NA,"1","EW","5abc3618-44f3-4de1-9b18-2ef56b2b1fb2","5/2/2024 2:02:19 AM","MichelleDPL","5/2/2024 2:02:19 AM","MichelleDPL",-5.75,-1.56,NA
"185","211","8eee549a-3c86-43b0-9c53-cbaf9f3cff36",-7.73,"-",-1.91,0,0,1,"3",10,1714586400000,NA,"1","EW","5abc3618-44f3-4de1-9b18-2ef56b2b1fb2","5/2/2024 2:02:19 AM","MichelleDPL","5/2/2024 2:02:19 AM","MichelleDPL",-7.73,-1.91,NA
"186","212","d085b813-872a-435b-8bcc-8a5c679d28ef",-11.1,"-",-1.96,0,0,1,"3",10,1714586400000,NA,"1","EW","5abc3618-44f3-4de1-9b18-2ef56b2b1fb2","5/2/2024 2:02:19 AM","MichelleDPL","5/2/2024 2:02:19 AM","MichelleDPL",-11.1,-1.96,NA
"187","213","607456af-cf4f-4830-b1fb-44d38c54f6e7",-11.16,"-",-2.13,NA,NA,1,"3",10,1714586400000,NA,"1","EW","5abc3618-44f3-4de1-9b18-2ef56b2b1fb2","5/2/2024 2:02:19 AM","MichelleDPL","5/2/2024 2:02:19 AM","MichelleDPL",-11.16,-2.13,NA
"188","214","75935a68-a458-47f1-8364-3138032b0921",-11.18,"-",-1.83,NA,NA,1,"3",10,1714586400000,NA,"1","EW","5abc3618-44f3-4de1-9b18-2ef56b2b1fb2","5/2/2024 2:02:19 AM","MichelleDPL","5/2/2024 2:02:19 AM","MichelleDPL",-11.18,-1.83,NA
"189","215","d3aaabdd-b73d-4f11-b5b7-7e1bbf76b6ed",-14.36,"-",-2.84,NA,NA,1,"3",10,1714586400000,NA,"1","EW","5abc3618-44f3-4de1-9b18-2ef56b2b1fb2","5/2/2024 2:02:19 AM","MichelleDPL","5/2/2024 2:02:19 AM","MichelleDPL",-14.36,-2.84,NA
"190","216","7edf8a43-770a-4459-929b-845c16be6e94",-14.33,"-",-2.49,NA,1,NA,"3",10,1714586400000,NA,"1","EW","5abc3618-44f3-4de1-9b18-2ef56b2b1fb2","5/2/2024 2:02:19 AM","MichelleDPL","5/2/2024 2:02:19 AM","MichelleDPL",-14.33,-2.49,NA
"191","217","af673f97-c064-4185-9804-ad92938917c0",-13.78,"+",3.62,NA,NA,1,"3",10,1714586400000,NA,"1","EW","5abc3618-44f3-4de1-9b18-2ef56b2b1fb2","5/2/2024 2:02:19 AM","MichelleDPL","5/2/2024 2:02:19 AM","MichelleDPL",-13.78,3.62,NA
"192","218","bed40fb8-9395-497b-94f7-69590374d12d",-14.42,"+",2.54,NA,NA,1,"3",10,1714586400000,NA,"1","EW","5abc3618-44f3-4de1-9b18-2ef56b2b1fb2","5/2/2024 2:02:19 AM","MichelleDPL","5/2/2024 2:02:19 AM","MichelleDPL",-14.42,2.54,NA
"193","219","55583442-0926-49bb-85b7-a9731006b73a",-14.69,"+",2.58,NA,NA,1,"3",10,1714586400000,NA,"1","EW","5abc3618-44f3-4de1-9b18-2ef56b2b1fb2","5/2/2024 2:02:19 AM","MichelleDPL","5/2/2024 2:02:19 AM","MichelleDPL",-14.69,2.58,NA
"194","220","f329466a-9606-4a0a-98ff-5ce5d770202a",-14.16,"+",1.12,NA,6,3,"3",10,1714586400000,NA,"1","EW","5abc3618-44f3-4de1-9b18-2ef56b2b1fb2","5/2/2024 2:02:19 AM","MichelleDPL","5/2/2024 2:02:19 AM","MichelleDPL",-14.16,1.12,NA
"195","222","b4d66fe8-fe8a-43c0-a5f1-15d55dd8af23",-13.48,"-",-0.15,NA,NA,1,"3",10,1714586400000,NA,"1","EW","5abc3618-44f3-4de1-9b18-2ef56b2b1fb2","5/2/2024 2:02:19 AM","MichelleDPL","5/2/2024 2:02:19 AM","MichelleDPL",-13.48,-0.15,NA
"196","223","e303773c-141f-4867-ba75-6ebf37d06e32",-13.72,"-",-2.04,NA,NA,1,"3",10,1714586400000,NA,"1","EW","5abc3618-44f3-4de1-9b18-2ef56b2b1fb2","5/2/2024 2:02:19 AM","MichelleDPL","5/2/2024 2:02:19 AM","MichelleDPL",-13.72,-2.04,NA
"197","224","82294a57-0035-40ca-a463-1943aeb8517d",-14.41,"-",-2.251,NA,1,NA,"3",10,1714586400000,NA,"1","EW","5abc3618-44f3-4de1-9b18-2ef56b2b1fb2","5/2/2024 2:02:19 AM","MichelleDPL","5/2/2024 2:02:19 AM","MichelleDPL",-14.41,-2.251,NA
"198","225","779f9413-ed3e-4c6b-8d94-164e3f919355",-14.39,NA,2.84,NA,NA,1,"3",10,1714586400000,NA,"1","EW","5abc3618-44f3-4de1-9b18-2ef56b2b1fb2","5/2/2024 2:02:19 AM","MichelleDPL","5/2/2024 2:02:19 AM","MichelleDPL",-14.39,2.84,NA
"199","226","18c1b797-da9f-4a61-8878-f1080c0db907",-14.87,"+",0.04,NA,NA,1,"3",10,1714586400000,NA,"1","EW","5abc3618-44f3-4de1-9b18-2ef56b2b1fb2","5/2/2024 2:02:19 AM","MichelleDPL","5/2/2024 2:02:19 AM","MichelleDPL",-14.87,0.04,NA
"200","227","bdd25b1f-d8c0-405b-a8e0-49711a25a0df",-16.37,"-",-1.8,NA,NA,1,"3",10,1714586400000,NA,"1","EW","5abc3618-44f3-4de1-9b18-2ef56b2b1fb2","5/2/2024 2:02:19 AM","MichelleDPL","5/2/2024 2:02:19 AM","MichelleDPL",-16.37,-1.8,NA
"201","228","c255d46c-01f5-4713-bcae-b9730cdfc14a",-16.37,"+",0.07,NA,1,NA,"3",10,1714586400000,NA,"1","EW","5abc3618-44f3-4de1-9b18-2ef56b2b1fb2","5/2/2024 2:02:19 AM","MichelleDPL","5/2/2024 2:02:19 AM","MichelleDPL",-16.37,0.07,NA
"202","229","09b1f986-8835-46e7-a04b-3da640219ebd",-16.59,"-",-0.07,NA,4,NA,"3",10,1714586400000,NA,"1","EW","5abc3618-44f3-4de1-9b18-2ef56b2b1fb2","5/2/2024 2:02:19 AM","MichelleDPL","5/2/2024 2:02:19 AM","MichelleDPL",-16.59,-0.07,NA
"203","230","113aac23-cd85-4372-a25e-69d3d704f11e",-16.3,"+",1.45,NA,1,NA,"3",10,1714586400000,NA,"1","EW","5abc3618-44f3-4de1-9b18-2ef56b2b1fb2","5/2/2024 2:02:19 AM","MichelleDPL","5/2/2024 2:02:19 AM","MichelleDPL",-16.3,1.45,NA
"204","231","9e176280-c598-45f0-8352-7048d52687bb",-16.81,"+",1.06,NA,NA,2,"3",10,1714586400000,NA,"1","EW","5abc3618-44f3-4de1-9b18-2ef56b2b1fb2","5/2/2024 2:02:19 AM","MichelleDPL","5/2/2024 2:02:19 AM","MichelleDPL",-16.81,1.06,NA
"205","232","30884144-ffef-49f3-bbb3-309c68aac295",-15.92,"-",-0.82,NA,2,NA,"3",10,1714586400000,NA,"1","EW","5abc3618-44f3-4de1-9b18-2ef56b2b1fb2","5/2/2024 2:02:19 AM","MichelleDPL","5/2/2024 2:02:19 AM","MichelleDPL",-15.92,-0.82,NA
"206","233","f61bfeaf-f0d5-4d24-ba0c-5ad25de24169",-16.23,"-",-1.19,NA,1,NA,"3",10,1714586400000,NA,"1","EW","5abc3618-44f3-4de1-9b18-2ef56b2b1fb2","5/2/2024 2:02:19 AM","MichelleDPL","5/2/2024 2:02:19 AM","MichelleDPL",-16.23,-1.19,NA
"207","234","62d85490-1710-4a60-9f81-7bc3a8b1c14a",-16.24,"-",-1.87,NA,NA,1,"3",10,1714586400000,NA,"1","EW","5abc3618-44f3-4de1-9b18-2ef56b2b1fb2","5/2/2024 2:02:19 AM","MichelleDPL","5/2/2024 2:02:19 AM","MichelleDPL",-16.24,-1.87,NA
"208","235","d719039b-0765-45f8-b2ca-3c698ca0eee9",-17.52,"-",-0.87,NA,1,NA,"3",10,1714586400000,NA,"1","EW","5abc3618-44f3-4de1-9b18-2ef56b2b1fb2","5/2/2024 2:02:19 AM","MichelleDPL","5/2/2024 2:02:19 AM","MichelleDPL",-17.52,-0.87,NA
"209","236","f8692710-1fa9-4d97-a658-41a23da98dff",-17.5,"-",-1.14,NA,1,NA,"3",10,1714586400000,NA,"1","EW","5abc3618-44f3-4de1-9b18-2ef56b2b1fb2","5/2/2024 2:02:19 AM","MichelleDPL","5/2/2024 2:02:19 AM","MichelleDPL",-17.5,-1.14,NA
"210","237","80f67b8b-9637-4548-a713-9d75569fa317",-17.66,"-",-1.19,NA,1,3,"3",10,1714586400000,NA,"1","EW","5abc3618-44f3-4de1-9b18-2ef56b2b1fb2","5/2/2024 2:02:19 AM","MichelleDPL","5/2/2024 2:02:19 AM","MichelleDPL",-17.66,-1.19,NA
"211","238","8748d279-6291-4690-8325-a0db92f3e998",-17.83,"+",0.38,NA,NA,1,"3",10,1714586400000,NA,"1","EW","5abc3618-44f3-4de1-9b18-2ef56b2b1fb2","5/2/2024 2:02:19 AM","MichelleDPL","5/2/2024 2:02:19 AM","MichelleDPL",-17.83,0.38,NA
"212","239","c7753bf3-abb7-488a-b155-c7004f327516",-18.29,"+",0.76,NA,NA,1,"3",10,1714586400000,NA,"1","EW","5abc3618-44f3-4de1-9b18-2ef56b2b1fb2","5/2/2024 2:02:19 AM","MichelleDPL","5/2/2024 2:02:19 AM","MichelleDPL",-18.29,0.76,NA
"213","240","8d90a867-803d-4c7a-925d-842949620a47",-18.38,"-",-0.17,NA,NA,1,"3",10,1714586400000,NA,"1","EW","5abc3618-44f3-4de1-9b18-2ef56b2b1fb2","5/2/2024 2:02:19 AM","MichelleDPL","5/2/2024 2:02:19 AM","MichelleDPL",-18.38,-0.17,NA
"214","241","4544bfe6-8db2-433e-a51b-83b6fd43534d",-18.38,"-",-0.33,NA,NA,1,"3",10,1714586400000,NA,"1","EW","5abc3618-44f3-4de1-9b18-2ef56b2b1fb2","5/2/2024 2:02:19 AM","MichelleDPL","5/2/2024 2:02:19 AM","MichelleDPL",-18.38,-0.33,NA
"215","242","2fda566e-06fc-473f-aa4f-a93fa4f60c72",-18.38,"-",-0.91,NA,1,NA,"3",10,1714586400000,NA,"1","EW","5abc3618-44f3-4de1-9b18-2ef56b2b1fb2","5/2/2024 2:02:19 AM","MichelleDPL","5/2/2024 2:02:19 AM","MichelleDPL",-18.38,-0.91,NA
"216","243","9f09841a-4fff-452b-a632-d29c0551db6d",-18.26,"-",-1.1,NA,1,1,"3",10,1714586400000,NA,"1","EW","5abc3618-44f3-4de1-9b18-2ef56b2b1fb2","5/2/2024 2:02:19 AM","MichelleDPL","5/2/2024 2:02:19 AM","MichelleDPL",-18.26,-1.1,NA
"217","244","962b39ad-a07d-4444-9c3b-2138dc3f449e",-18.91,"-",-0.93,NA,1,NA,"3",10,1714586400000,NA,"1","EW","5abc3618-44f3-4de1-9b18-2ef56b2b1fb2","5/2/2024 2:02:19 AM","MichelleDPL","5/2/2024 2:02:19 AM","MichelleDPL",-18.91,-0.93,NA
"218","245","2f84cb55-5952-43ff-8362-fa665233f4b5",-19,"+",0.03,NA,1,NA,"3",10,1714586400000,NA,"1","EW","5abc3618-44f3-4de1-9b18-2ef56b2b1fb2","5/2/2024 2:02:19 AM","MichelleDPL","5/2/2024 2:02:19 AM","MichelleDPL",-19,0.03,NA
"219","246","e79a0222-f6be-4e58-abb0-4d1328b6f8fe",-18.28,"+",0.78,NA,NA,1,"3",10,1714586400000,NA,"1","EW","5abc3618-44f3-4de1-9b18-2ef56b2b1fb2","5/2/2024 2:02:19 AM","MichelleDPL","5/2/2024 2:02:19 AM","MichelleDPL",-18.28,0.78,NA
"220","247","09ea86b4-0f38-49c6-aed0-1c9143259589",-18.22,"+",1.07,NA,1,NA,"3",10,1714586400000,NA,"1","EW","5abc3618-44f3-4de1-9b18-2ef56b2b1fb2","5/2/2024 2:02:19 AM","MichelleDPL","5/2/2024 2:02:19 AM","MichelleDPL",-18.22,1.07,NA
"221","248","21102880-e3a5-4544-9655-eba5ded0dcad",-19.17,"+",0.43,NA,NA,1,"3",10,1714586400000,NA,"1","EW","5abc3618-44f3-4de1-9b18-2ef56b2b1fb2","5/2/2024 2:02:19 AM","MichelleDPL","5/2/2024 2:02:19 AM","MichelleDPL",-19.17,0.43,NA
"222","249","7d411550-e2dc-4821-a56c-6292f3919360",-19.31,"+",0.78,NA,1,NA,"3",10,1714586400000,NA,"1","EW","5abc3618-44f3-4de1-9b18-2ef56b2b1fb2","5/2/2024 2:02:19 AM","MichelleDPL","5/2/2024 2:02:19 AM","MichelleDPL",-19.31,0.78,NA
"223","250","ab12cb29-f4eb-44ab-9515-c99e3d911ba2",-19.36,"-",-2.24,NA,1,NA,"3",10,1714586400000,NA,"1","EW","5abc3618-44f3-4de1-9b18-2ef56b2b1fb2","5/2/2024 2:02:19 AM","MichelleDPL","5/2/2024 2:02:19 AM","MichelleDPL",-19.36,-2.24,NA
"224","251","4bc462f6-63c1-453f-b9b0-19523998b4a1",-19.64,"+",0.42,NA,NA,1,"3",10,1714586400000,NA,"1","EW","5abc3618-44f3-4de1-9b18-2ef56b2b1fb2","5/2/2024 2:02:19 AM","MichelleDPL","5/2/2024 2:02:19 AM","MichelleDPL",-19.64,0.42,NA
